{
    "dataset_name": "Dataset001_Base",
    "plans_name": "nnUNetPlans",
    "original_median_spacing_after_transp": [
        999.0,
        1.0,
        1.0
    ],
    "original_median_shape_after_transp": [
        1,
        400,
        400
    ],
    "image_reader_writer": "NaturalImage2DIO",
    "transpose_forward": [
        0,
        1,
        2
    ],
    "transpose_backward": [
        0,
        1,
        2
    ],
    "configurations": {
        "2d": {
            "data_identifier": "nnUNetPlans_2d",
            "preprocessor_name": "DefaultPreprocessor",
            "batch_size": 9,
            "patch_size": [
                448,
                448
            ],
            "median_image_size_in_voxels": [
                400.0,
                400.0
            ],
            "spacing": [
                1.0,
                1.0
            ],
            "normalization_schemes": [
                "ZScoreNormalization",
                "ZScoreNormalization",
                "ZScoreNormalization"
            ],
            "use_mask_for_norm": [
                false,
                false,
                false
            ],
            "resampling_fn_data": "resample_data_or_seg_to_shape",
            "resampling_fn_seg": "resample_data_or_seg_to_shape",
            "resampling_fn_data_kwargs": {
                "is_seg": false,
                "order": 3,
                "order_z": 0,
                "force_separate_z": null
            },
            "resampling_fn_seg_kwargs": {
                "is_seg": true,
                "order": 1,
                "order_z": 0,
                "force_separate_z": null
            },
            "resampling_fn_probabilities": "resample_data_or_seg_to_shape",
            "resampling_fn_probabilities_kwargs": {
                "is_seg": false,
                "order": 1,
                "order_z": 0,
                "force_separate_z": null
            },
            "architecture": {
                "network_class_name": "dynamic_network_architectures.architectures.unet.PlainConvUNet",
                "arch_kwargs": {
                    "n_stages": 7,
                    "features_per_stage": [
                        32,
                        64,
                        128,
                        256,
                        512,
                        512,
                        512
                    ],
                    "conv_op": "torch.nn.modules.conv.Conv2d",
                    "kernel_sizes": [
                        [
                            3,
                            3
                        ],
                        [
                            3,
                            3
                        ],
                        [
                            3,
                            3
                        ],
                        [
                            3,
                            3
                        ],
                        [
                            3,
                            3
                        ],
                        [
                            3,
                            3
                        ],
                        [
                            3,
                            3
                        ]
                    ],
                    "strides": [
                        [
                            1,
                            1
                        ],
                        [
                            2,
                            2
                        ],
                        [
                            2,
                            2
                        ],
                        [
                            2,
                            2
                        ],
                        [
                            2,
                            2
                        ],
                        [
                            2,
                            2
                        ],
                        [
                            2,
                            2
                        ]
                    ],
                    "n_conv_per_stage": [
                        2,
                        2,
                        2,
                        2,
                        2,
                        2,
                        2
                    ],
                    "n_conv_per_stage_decoder": [
                        2,
                        2,
                        2,
                        2,
                        2,
                        2
                    ],
                    "conv_bias": true,
                    "norm_op": "torch.nn.modules.instancenorm.InstanceNorm2d",
                    "norm_op_kwargs": {
                        "eps": 1e-05,
                        "affine": true
                    },
                    "dropout_op": null,
                    "dropout_op_kwargs": null,
                    "nonlin": "torch.nn.LeakyReLU",
                    "nonlin_kwargs": {
                        "inplace": true
                    }
                },
                "_kw_requires_import": [
                    "conv_op",
                    "norm_op",
                    "dropout_op",
                    "nonlin"
                ]
            },
            "batch_dice": true
        }
    },
    "experiment_planner_used": "ExperimentPlanner",
    "label_manager": "LabelManager",
    "foreground_intensity_properties_per_channel": {
        "0": {
            "max": 255.0,
            "mean": 136.582275390625,
            "median": 135.0,
            "min": 0.0,
            "percentile_00_5": 1.0,
            "percentile_99_5": 247.0,
            "std": 54.63268280029297
        },
        "1": {
            "max": 255.0,
            "mean": 79.15469360351562,
            "median": 62.0,
            "min": 0.0,
            "percentile_00_5": 0.0,
            "percentile_99_5": 233.0,
            "std": 69.82192993164062
        },
        "2": {
            "max": 255.0,
            "mean": 181.25717163085938,
            "median": 185.0,
            "min": 55.0,
            "percentile_00_5": 108.0,
            "percentile_99_5": 244.0,
            "std": 32.11036682128906
        }
    }
}