{
    "folder_with_segs_from_prev_stage": null,
    "list_of_lists_or_source_folder": "/content/drive/MyDrive/Internal-ML-Quiz-WangLab/CWD/nnUNet_folders/nnUNet_raw/Dataset001_Base/imagesTs-External",
    "num_parts": 1,
    "num_processes_preprocessing": 3,
    "num_processes_segmentation_export": 3,
    "output_folder_or_list_of_truncated_output_files": "/content/drive/MyDrive/Internal-ML-Quiz-WangLab/CWD/inferences/nnUNet_inferences/nnUNet_inference_1/imagesTs-External",
    "overwrite": true,
    "part_id": 0,
    "save_probabilities": false
}